subnum,trial,targtime,resptime,acc,shortlong
1116,1,6631.58,6412,0.0331111,-1
1116,2,5368.42,5365,0.000637255,-1
1116,3,3263.16,3223,0.0123065,-1
