sub,blocktype,type,distance,studytime,totaltime,mediantime,targs,clicks,acc
aaaaa,practice,number,330.285,962,2749,716.5,4,6,0.666667
aaaaa,test,number,3432.3,1113,20347,594.5,26,27,0.962963
aaaaa,practice,letter,420.115,1202,1912,766.5,4,4,1
aaaaa,test,letter,3432.3,1372,18647,590.5,26,26,1
aaaaa,practice,alternating,353.572,1434,1215,428.5,4,4,1
aaaaa,test,alternating,3338.74,1226,20235,618,26,30,0.866667
aaaaa,practice,number,528.071,1580,1800,650,4,4,1
aaaaa,test,number,3338.74,1064,16197,555,26,28,0.928571
aaaaa,practice,letter,498.012,1390,1660,612,4,4,1
aaaaa,test,letter,3338.74,1163,16023,499,26,27,0.962963
aaaaa,practice,alternating,330.854,1159,1751,654.5,4,5,0.8
aaaaa,test,alternating,3432.3,1240,17978,686,26,26,1
