subnum,trial,targtime,resptime,acc,shortlong
1616,1,7473.68,6251,0.163599,-1
1616,2,8315.79,7976,0.0408608,-1
